firstName,lastName,email,age
Alice,Martin,alice.martin@example.com,29
Bob,Dupont,bob.dupont@example.com,35
Charlie,Bernard,charlie.bernard@example.com,42
Diana,Petit,diana.petit@example.com,27
Ethan,Robert,ethan.robert@example.com,31
Fiona,Richard,fiona.richard@example.com,38
George,Durand,george.durand@example.com,45
Hannah,Moreau,hannah.moreau@example.com,24
Ivan,Simon,ivan.simon@example.com,33
Julia,Laurent,julia.laurent@example.com,28
Kevin,Lefevre,kevin.lefevre@example.com,40
Laura,Michel,laura.michel@example.com,36
Marc,Garcia,marc.garcia@example.com,29
Nina,David,nina.david@example.com,32
Oscar,Bertrand,oscar.bertrand@example.com,47
Paula,Roux,paula.roux@example.com,25
Quentin,Vincent,quentin.vincent@example.com,34
Rachel,Fournier,rachel.fournier@example.com,41
Samuel,Morel,samuel.morel@example.com,30
Tina,Girard,tina.girard@example.com,26
Ugo,Andre,ugo.andre@example.com,37
Valerie,Mercier,valerie.mercier@example.com,43
Walter,Blanc,walter.blanc@example.com,28
Xavier,Guerin,xavier.guerin@example.com,39
Yolanda,Boyer,yolanda.boyer@example.com,31
Zachary,Lemaire,zachary.lemaire@example.com,44
Amelia,Faure,amelia.faure@example.com,27
Benjamin,Giraud,benjamin.giraud@example.com,35
Camille,Robin,camille.robin@example.com,42
Daniel,Masson,daniel.masson@example.com,30
Elena,Fontaine,elena.fontaine@example.com,33
Felix,Chevalier,felix.chevalier@example.com,48
Gloria,Renaud,gloria.renaud@example.com,26
Hugo,Picard,hugo.picard@example.com,38
Irene,Arnaud,irene.arnaud@example.com,29
Jules,Lemoine,jules.lemoine@example.com,41
Karine,Philippe,karine.philippe@example.com,34
Leo,Bourgeois,leo.bourgeois@example.com,27
Monica,Perrin,monica.perrin@example.com,36
Nathan,Dupuis,nathan.dupuis@example.com,43
Olivia,Rey,olivia.rey@example.com,25
Pierre,Colin,pierre.colin@example.com,39
Rita,Vidal,rita.vidal@example.com,32
Stefan,Guillot,stefan.guillot@example.com,46
Thea,Gautier,thea.gautier@example.com,28
Ulric,Muller,ulric.muller@example.com,37
Viviane,Perrot,viviane.perrot@example.com,41
William,Sanchez,william.sanchez@example.com,30
Xena,Barbier,xena.barbier@example.com,33
Yann,Leroy,yann.leroy@example.com,45
